{"cameraMode":{"drawMode":0,"name":"Shaded","section":"Shading Mode"},"sceneLighting":true,"audioPlay":false,"sceneViewState":{"m_AlwaysRefresh":false,"showFog":true,"showSkybox":true,"showFlares":true,"showImageEffects":true,"showParticleSystems":true,"showVisualEffectGraphs":true,"m_FxEnabled":true},"in2DMode":false,"pivot":{"x":808.8263549804688,"y":14.877507209777832,"z":447.1502990722656},"rotation":{"x":0.1585874706506729,"y":-0.025181058794260026,"z":0.004054086748510599,"w":0.9870331883430481},"size":16.958812713623048,"orthographic":false}